token,count
punkt,74
führt,33
folgen,26
beginnt,21
bietet,19
befindet,19
liegt,18
ziel,17
halten,15
sehen,14
ausgangspunkt,13
nehmen,13
folgt,13
erreichen,11
beginnen,11
erreicht,11
geschlossen,9
abschnitt,9
einstieg,9
laufen,8
steigen,8
gesperrt,7
geeignet,7
aufgrund,7
finden,7
endet,7
stellen,7
gebildet,7
starten,7
steigt,7
kostet,6
möglicher,6
grund,6
informationen,6
alternative,6
geöffnet,6
begann,6
liegen,6
gegangen,5
fließt,5
gingen,5
zugang,5
führen,5
schwierig,5
markiert,5
empfehlen,5
entfernt,5
verläuft,5
warten,5
erreichte,5
fand,5
empfohlen,5
stand,5
sieht,5
zugänglich,4
setzen,4
erhalten,4
nimmt,4
fehlt,4
gesamten,4
folgend,4
weiterer,4
beginnend,4
gilt,4
bezeichnet,4
suchen,4
bieten,4
diente,4
gesehen,4
aktuelle,4
genommen,4
bekommen,4
hinweise,4
erfordert,4
findet,4
besteht,4
bedeutet,4
gekennzeichnet,4
gefunden,4
entdeckt,4
passiert,4
besucht,3
nahmen,3
vorhanden,3
möglicherweise,3
beträgt,3
fanden,3
anspruchsvoller,3
weist,3
gebracht,3
deutlich,3
hergestellt,3
klicken,3
passt,3
beinhaltet,3
lässt,3
vermeiden,3
fall,3
werfen,3
möchten,3
alternativer,3
gelangen,3
thema,3
zeigt,3
führte,3
füllen,3
drehen,3
gelaufen,3
möglichkeit,3
startet,3
besuchte,3
zählt,3
befand,3
kaufen,3
schauen,3
verbindet,3
genannt,3
entschieden,3
gehts,3
sehe,2
trifft,2
gehe,2
nähern,2
empfehlenswert,2
sicherlich,2
bestehen,2
sitzen,2
enden,2
kamen,2
folgten,2
beschlossen,2
überfüllt,2
lohnt,2
zurückzuführen,2
benötigt,2
sowohl,2
umfasst,2
bereich,2
interessant,2
steht,2
gekommen,2
geboten,2
läuft,2
blockiert,2
verlassen,2
aufgeht,2
verloren,2
gefallen,2
kennt,2
begleitet,2
mittlerer,2
download,2
gemeinsame,2
kombiniert,2
angekommen,2
bestimmt,2
aufgenommen,2
ausgehend,2
dominiert,2
trafen,2
verbringen,2
reicht,2
birgt,2
erhielt,2
tragen,2
gesichert,2
locken,2
gefolgt,2
zertifiziert,2
bevorstehende,2
getroffen,2
hinweis,2
folgte,2
bewältigen,2
ausgewiesenen,2
bleiben,2
versucht,2
wichtig,2
frisst,2
angelegten,2
voraus,2
bezahlen,2
schieben,2
nötig,2
unmöglich,2
gewählt,2
gelegen,2
weitergehen,2
beigetragen,2
schlagen,2
eintritt,2
gekreuzt,2
begonnen,2
verdient,2
entspricht,2
wichtigste,2
gehört,2
notwendig,2
herstellt,2
erkennen,2
befinden,2
beschäftigt,2
erhöht,2
vollständige,2
scheint,2
geschafft,2
fortgesetzt,2
schwierigste,2
mündet,2
kennzeichnet,2
verbreiterung,2
begangen,2
gelangt,2
wandert,2
bedarf,2
eignet,2
verlegt,2
ansatz,2
bekommt,2
hindernis,2
einkehren,1
geräumt,1
erfährt,1
genießt,1
wären,1
beliebter,1
bzw,1
vorbeikommen,1
verlauf,1
demonstrieren,1
nutzen,1
zentralen,1
darstellt,1
abgeschlossen,1
erfolgen,1
hängen,1
gezeigte,1
präsentiert,1
gestaffelten,1
versteckter,1
erreichten,1
vordergrund,1
senden,1
angeschaltet,1
einzelner,1
mitgemacht,1
tauchen,1
handelt,1
genutzt,1
gewinnen,1
einschränkungen,1
weitervererben,1
gewonnen,1
zerstört,1
aufgebaut,1
offengelassen,1
prozessschritte,1
benötigten,1
jeweiligen,1
verständlich,1
bedient,1
entnommen,1
spezialisiert,1
erfoderlich,1
logistischer,1
errichten,1
anzunehmen,1
bezogen,1
festzustellen,1
lohnenswerten,1
braucht,1
befassen,1
übergang,1
zentrale,1
bevorzugen,1
ausweichen,1
hoffen,1
geschütztes,1
verpassen,1
weitet,1
errichtete,1
zerstören,1
fallen,1
gelassen,1
wirken,1
unternommen,1
hingewiesen,1
zusammenhang,1
verwendet,1
orientierung,1
dauert,1
belebt,1
gewinnt,1
zog,1
richtete,1
abgedeckt,1
besuchten,1
bereichen,1
grenzt,1
geführt,1
übersehen,1
abgekürzte,1
wünschen,1
bestellen,1
angesiedelt,1
herausgefunden,1
ankommen,1
schließen,1
abzuweichen,1
simulieren,1
bewegt,1
gesammelt,1
schaut,1
ändern,1
verzeichnet,1
zeigen,1
melden,1
getan,1
verbrachten,1
abgeschnitten,1
gesichtspunkt,1
verteilt,1
anhalten,1
zeichnen,1
kostenpflichtige,1
besuchen,1
spart,1
stammen,1
einblick,1
anregen,1
bereichern,1
vorbeikommt,1
hielten,1
geben,1
einschlagen,1
fällt,1
direkter,1
beabsichtigt,1
sprechen,1
nachlesen,1
stehenden,1
verbracht,1
gebührenfrei,1
kostenfrei,1
abstellen,1
aufgezeichnet,1
kennen,1
empfohlenen,1
einfügen,1
darzustellen,1
legt,1
erinnert,1
stehen,1
ergriffen,1
eintreten,1
verhindert,1
begründeten,1
zählten,1
bemerkenswert,1
erinnern,1
dient,1
förderte,1
beispielsweise,1
bilden,1
stürzt,1
floss,1
zustimmen,1
abgesehen,1
abschnitten,1
sahen,1
getrennt,1
gaben,1
unserem,1
durchlaufen,1
verpasst,1
abgesichert,1
sitzt,1
aufstellen,1
nannte,1
aufgeteilte,1
erobert,1
ruft,1
wohnen,1
erforschen,1
nachspielen,1
betreibt,1
errichtet,1
dokumentiert,1
zeugt,1
landete,1
überlaufen,1
empfielt,1
meiden,1
herrscht,1
bevorstehenden,1
ununterbrochenen,1
bedingt,1
lädt,1
lockt,1
zurückverfolgen,1
zeitpunkt,1
darstellten,1
vergleichen,1
anlegen,1
begrüßte,1
zirkuliert,1
flossen,1
vorherige,1
angeschlossen,1
umlaufen,1
vorbehaltlich,1
eingestuft,1
veranstalten,1
zeigten,1
angezeigt,1
vermutet,1
königsweg,1
lohnenswerter,1
siehe,1
zeitigen,1
überwinden,1
zusammenhängenden,1
ausgegangen,1
hervorhebt,1
leite,1
versuchen,1
gezogen,1
verkaufen,1
gedacht,1
angesagt,1
begrenzen,1
zufließt,1
liege,1
machten,1
mögliche,1
interessieren,1
auszugeben,1
schützen,1
angefangen,1
einmaligen,1
funktioniert,1
vorankommen,1
machbar,1
vorherrschen,1
angeboten,1
öffnet,1
bedeuten,1
nahelegt,1
geringer,1
einschätzte,1
stimmt,1
ausweg,1
begrüßt,1
verliert,1
mitnehmen,1
angesehen,1
wechseln,1
teilt,1
zwingender,1
auftreten,1
vermitteln,1
legten,1
charakteristisch,1
verminderter,1
expansiver,1
reduziert,1
zurückkehren,1
beobachten,1
dauern,1
benutzt,1
aussichtsreich,1
erschließt,1
verwandelt,1
benannt,1
weisen,1
stirbt,1
aufgehoben,1
erwähnt,1
wichtiges,1
verbinden,1
übernahm,1
wiederhergestellt,1
erneuert,1
gefeiert,1
absolviert,1
produziert,1
einzige,1
gehören,1
bestimmten,1
verwaltet,1
landen,1
abwechseln,1
stabilem,1
dürfte,1
geschützter,1
dominierten,1
sorgen,1
stoppen,1
ausgewählt,1
enthalten,1
behalten,1
schalten,1
kriegsbedingter,1
denkt,1
gelegt,1
kombinieren,1
importiert,1
verabreicht,1
behandelten,1
sank,1
schlägt,1
saugt,1
schwimmt,1
erwarten,1
verlieren,1
angegebene,1
erhöhung,1
deuten,1
verkürzte,1
holt,1
verschwinden,1
scheinen,1
bringen,1
bleibt,1
normalen,1
verbunden,1
nachteil,1
trainieren,1
umfangreichen,1
deckt,1
filtern,1
bedecken,1
plant,1
landet,1
nimmst,1
erfolgt,1
stößt,1
bestandteil,1
erneuter,1
entschädigt,1
starte,1
ausgangs,1
trägt,1
markierten,1
besitzen,1
abgegrenzten,1
kreuzen,1
hinzu,1
unbekannt,1
vorhandene,1
wirkt,1
überschreiten,1
wartet,1
begehen,1
beachten,1
hält,1
verspricht,1
verläßliche,1
möglichkeiten,1
gegeben,1
bedingungen,1
anspruchsvollste,1
schlug,1
begibt,1
kompensiert,1
falle,1
dh,1
treiben,1
ausfallen,1
signifikant,1
gestanden,1
angebotene,1
unterbrochen,1
erstreckt,1
ausgebaut,1
aufnahme,1
abzustellen,1
zusammenhängende,1
setzt,1
erklärte,1
verlangen,1
gesprengt,1
decken,1
angehoben,1
fänden,1
beispiele,1
befürchten,1
folgende,1
rief,1
versorgt,1
kanalisieren,1
dienen,1
widersetzen,1
geraten,1
riskante,1
einführung,1
erforderlich,1
verstanden,1
benutzten,1
ausgestellt,1
insbesondere,1
enthielt,1
angeschlossene,1
sichtbar,1
hinweist,1
verbreiten,1
gelangten,1
gemeint,1
besitzt,1
gelagert,1
bedeutung,1
stellte,1
geschah,1
auswirkung,1
ziehen,1
begriffen,1
identifizierung,1
brachte,1
bestehende,1
zusätzlicher,1
auftaucht,1
kostenpflichtig,1
zurückzufahren,1
angelegter,1
benötigtes,1
leiteten,1
ereichen,1
stärken,1
gestellt,1
raten,1
unterschätzen,1
gibts,1
verfügt,1
befolgen,1
belohnt,1
bewegen,1
steckt,1
inklusive,1
spielen,1
ausreichend,1
kehren,1
frequentiert,1
auswählen,1
endgültige,1
bringt,1
naher,1
zieht,1
gestartet,1
